setting,setting_label,x86_ppl,macos_ppl,macos_minus_x86,macos_delta_pct
f16/f16,F16/F16,117.948600,117.661500,-0.287100,-0.24
q8_0/q8_0,Q8/Q8,117.470300,117.761300,+0.291000,+0.25
q4_0/q4_0,Q4/Q4,133.773600,134.733200,+0.959600,+0.72
tbq4/tbq4,TBQ4/TBQ4,113.864300,113.843400,-0.020900,-0.02
q8_0/tbq4,Q8/TBQ4,116.718800,116.887400,+0.168600,+0.14
