setting,setting_label,x86_mean_task_score,macos_mean_task_score,macos_minus_x86
f16/f16,F16/F16,0.837500,0.837500,+0.000000
q8_0/q8_0,Q8/Q8,0.837500,0.837500,+0.000000
q4_0/q4_0,Q4/Q4,0.887500,0.725000,-0.162500
tbq4/tbq4,TBQ4/TBQ4,0.768750,0.768750,+0.000000
q8_0/tbq4,Q8/TBQ4,0.837500,0.812500,-0.025000
